mean_overlapping_bboxes,class_acc,loss_rpn_cls,loss_rpn_regr,loss_class_cls,loss_class_regr,curr_loss,elapsed_time,mAP
0.304,0.93,5.274,0.8959999999999999,0.309,0.056,6.535,10.819,0.0
0.35700000000000004,0.96,4.029,0.778,0.25,0.041,5.098,10.909,0.0
0.547,0.905,4.996,0.565,0.379,0.071,6.011,10.581,0.0
1.315,0.772,4.487,0.48100000000000004,0.677,0.165,5.81,21.419,0.0
1.627,0.708,4.462,0.472,0.759,0.215,5.908,23.464,0.0
1.539,0.71,4.661,0.369,0.617,0.18,5.827,22.065,0.0
